feature,mean_abs_shap
aqi_lag1,0.09988038
pm10,0.09420498
pm2_5,0.09301287
pm10_lag1,0.027261725
week,0.011766569
day_of_year,0.0105365105
aqi_trend3,0.005798437
pm2_5_lag1,0.0040892847
pm_ratio,0.0017837133
co_lag12,0.0017761984
o3,0.0016948978
pm2_5_x_no2,0.0011002454
aqi_trend6,0.001057824
pm10_lag3,0.00078403315
so2,0.0006967931
so2_x_pm10,0.00033481937
co,0.00019022438
no2,0.00015880883
no,9.571599e-05
nh3,3.230829e-05
