feature,mean_abs_shap
pm10,0.021413587
pm2_5,0.015142703
aqi_lag1,0.011920963
week,0.010630183
aqi_trend3,0.0012517979
pm10_lag1,0.00040864563
pm10_lag3,0.00035952215
o3,3.957044e-05
no,1.2243381e-05
co,0.0
no2,0.0
so2,0.0
day_of_year,0.0
nh3,0.0
co_lag12,0.0
pm2_5_lag1,0.0
pm_ratio,0.0
pm2_5_x_no2,0.0
so2_x_pm10,0.0
aqi_trend6,0.0
